Log kbp,bp,Log kbs,bs,Log kgL,gL,Log gammaL,l,Log kgW,gW,Log gammaW,w,Agglomeration Kernel,Concentration Residual,H²,Agglomeration Rate Residual,Normalized Concentration Residual,Normalized H²,Normarlized Agglomeration Rate Residual,Weighted Distance
9.583,2.984,9.475,2.576,1.039,1.786,-2.751,1.399,0.999,1.974,-2.797,1.623,-17.0,6.628985575502934e-05,110.63161012354568,2258.4707087975776,1.98032150265e-313,0.0,0.0011672789827496973,3.40635055892292e-07
9.583,2.984,9.475,2.576,1.039,1.786,-2.751,1.399,0.999,1.974,-2.797,1.623,-16.899,6.845343765674119e-05,111.93695828515621,1676.7884973942537,2.1006747409e-313,0.006893168191703724,0.0,2.3757883859557995e-05
9.583,2.984,9.475,2.576,1.039,1.786,-2.751,1.399,0.999,1.974,-2.797,1.623,-16.797,7.156041889163771e-05,113.05784291262535,9118.173540898051,2.273506309e-313,0.012812237515788982,0.014932848544352596,0.00013782420649263868
9.583,2.984,9.475,2.576,1.039,1.786,-2.751,1.399,0.999,1.974,-2.797,1.623,-16.696,7.437466626512744e-05,113.83893227533349,19614.74237237538,2.43005401557e-313,0.01693694578002323,0.035996625204136865,0.00046736932269949866
9.583,2.984,9.475,2.576,1.039,1.786,-2.751,1.399,0.999,1.974,-2.797,1.623,-16.595,7.591371373145232e-05,114.62736011213744,30563.49060690756,2.5156663727e-313,0.021100406415234443,0.05796780371199357,0.0010626801422420871
9.583,2.984,9.475,2.576,1.039,1.786,-2.751,1.399,0.999,1.974,-2.797,1.623,-16.494,7.579488914624016e-05,115.58207814117532,42125.67194476194,2.5090565357e-313,0.026141997726544342,0.08116997666113367,0.0019888433003595707
9.583,2.984,9.475,2.576,1.039,1.786,-2.751,1.399,0.999,1.974,-2.797,1.623,-16.392,7.374431344789919e-05,116.6320977390927,53556.197922421474,2.3949894762e-313,0.03168684921206643,0.10410795288582687,0.0032116446700135044
9.583,2.984,9.475,2.576,1.039,1.786,-2.751,1.399,0.999,1.974,-2.797,1.623,-16.291,7.02870135291548e-05,117.73814596441895,64486.39998511898,2.2026707844e-313,0.03752757176374385,0.12604191423942188,0.004675800357525917
9.583,2.984,9.475,2.576,1.039,1.786,-2.751,1.399,0.999,1.974,-2.797,1.623,-16.19,6.626462426238076e-05,118.88644520371025,74843.99712517676,1.97891795425e-313,0.043591409767755315,0.14682681227543,0.006339633703511268
9.583,2.984,9.475,2.576,1.039,1.786,-2.751,1.399,0.999,1.974,-2.797,1.623,-16.089,6.217182891061307e-05,120.04635971244757,84539.41214190102,1.75124865563e-313,0.049716584668878225,0.16628288976274883,0.008148369252531488
9.583,2.984,9.475,2.576,1.039,1.786,-2.751,1.399,0.999,1.974,-2.797,1.623,-15.987,5.845435468466919e-05,121.30506118314983,93802.44216251056,1.54445728766e-313,0.05636342510261404,0.18487128742674386,0.010132766073354426
9.583,2.984,9.475,2.576,1.039,1.786,-2.751,1.399,0.999,1.974,-2.797,1.623,-15.886,5.52890349263041e-05,122.57349791526289,102279.20345764012,1.3683805314e-313,0.06306167465176318,0.2018818562693418,0.012177458377631211
9.583,2.984,9.475,2.576,1.039,1.786,-2.751,1.399,0.999,1.974,-2.797,1.623,-15.785,5.281975634971164e-05,123.77572942095668,110035.199520603,1.2310223512e-313,0.0694103134424195,0.21744604409751064,0.014229591329501596
9.583,2.984,9.475,2.576,1.039,1.786,-2.751,1.399,0.999,1.974,-2.797,1.623,-15.684,5.085910869420361e-05,125.00857405117728,117289.69207460665,1.12195770506e-313,0.0759206113386255,0.23200384992824652,0.016338416208397398
9.583,2.984,9.475,2.576,1.039,1.786,-2.751,1.399,0.999,1.974,-2.797,1.623,-15.582,4.944840479304555e-05,126.28216048315761,124147.05839303178,1.04348469574e-313,0.08264605497159526,0.24576473073840976,0.018515260919914737
9.583,2.984,9.475,2.576,1.039,1.786,-2.751,1.399,0.999,1.974,-2.797,1.623,-15.481,4.847949933125653e-05,126.03508832743468,125085.71785527123,9.895875404e-314,0.08134133798116129,0.24764836658071598,0.018640634999806928
9.583,2.984,9.475,2.576,1.039,1.786,-2.751,1.399,0.999,1.974,-2.797,1.623,-15.38,4.6532533617065446e-05,129.0708101999073,121739.69397706506,8.8128397755e-314,0.09737211204251944,0.24093380101168133,0.019252938219294594
9.583,2.984,9.475,2.576,1.039,1.786,-2.751,1.399,0.999,1.974,-2.797,1.623,-15.278,4.1324295263844115e-05,135.34674801312127,126510.12332046365,5.915661023e-314,0.13051353452231373,0.2505067633647979,0.0242053009696303
9.583,2.984,9.475,2.576,1.039,1.786,-2.751,1.399,0.999,1.974,-2.797,1.623,-15.177,4.045795642850642e-05,142.50582295314172,139929.92593520327,5.4337440494e-314,0.16831855015713584,0.2774366801436583,0.03340834503578377
9.583,2.984,9.475,2.576,1.039,1.786,-2.751,1.399,0.999,1.974,-2.797,1.623,-15.076,4.362317288281409e-05,150.47521673526106,150472.2980571505,7.1944541467e-314,0.21040262652974823,0.29859237162782293,0.04442398372389034
9.583,2.984,9.475,2.576,1.039,1.786,-2.751,1.399,0.999,1.974,-2.797,1.623,-14.975,4.718498393109408e-05,156.9853998666772,160066.20277444465,9.17577731e-314,0.24478103116033859,0.31784474538012203,0.055215197149397974
9.583,2.984,9.475,2.576,1.039,1.786,-2.751,1.399,0.999,1.974,-2.797,1.623,-14.873,5.100339473868474e-05,161.34753613941265,167142.5676525347,1.1299838827e-313,0.2678162181605626,0.33204509710917857,0.06342624998347399
9.583,2.984,9.475,2.576,1.039,1.786,-2.751,1.399,0.999,1.974,-2.797,1.623,-14.772,4.936522635514776e-05,162.23270368679147,172492.73000731826,1.03885774157e-313,0.2724905333826348,0.34278142692743263,0.06650032205317812
9.583,2.984,9.475,2.576,1.039,1.786,-2.751,1.399,0.999,1.974,-2.797,1.623,-14.671,5.1048894358562405e-05,165.81455691587746,177504.52438667155,1.1325148831e-313,0.2914052700576566,0.3528387436722038,0.07358231046773267
9.583,2.984,9.475,2.576,1.039,1.786,-2.751,1.399,0.999,1.974,-2.797,1.623,-14.57,4.696261824562769e-05,164.35556598369197,180708.7231932165,9.0520822914e-314,0.28370075858593025,0.3592687046545214,0.07251156074715057
9.583,2.984,9.475,2.576,1.039,1.786,-2.751,1.399,0.999,1.974,-2.797,1.623,-14.468,4.439691614055214e-05,163.87183447404843,184136.6474058942,7.6248631208e-314,0.28114631161640624,0.3661476220590336,0.07303764455262593
9.583,2.984,9.475,2.576,1.039,1.786,-2.751,1.399,0.999,1.974,-2.797,1.623,-14.367,4.263366598853895e-05,163.5786986605952,186663.7161522521,6.644022666e-314,0.2795983456985227,0.37121876602348586,0.0735384605206752
9.583,2.984,9.475,2.576,1.039,1.786,-2.751,1.399,0.999,1.974,-2.797,1.623,-14.266,4.104416979829777e-05,163.13680277368388,189029.613621732,5.759836061e-314,0.27726482061970886,0.3759664827961923,0.07377558942317455
9.583,2.984,9.475,2.576,1.039,1.786,-2.751,1.399,0.999,1.974,-2.797,1.623,-14.165,4.011597949424244e-05,163.50854625607542,192286.40066305466,5.2435130655e-314,0.2792278910277852,0.3825019741522992,0.07556104762151389
9.583,2.984,9.475,2.576,1.039,1.786,-2.751,1.399,0.999,1.974,-2.797,1.623,-14.063,3.867402862194718e-05,162.73220646651393,193473.3327430676,4.4414012676e-314,0.2751282638932461,0.3848838260360073,0.07488167068248472
9.583,2.984,9.475,2.576,1.039,1.786,-2.751,1.399,0.999,1.974,-2.797,1.623,-13.962,3.852310156279982e-05,163.63475410177722,196678.2750266145,4.357445304e-314,0.2798943583605018,0.3913152789757227,0.07745233781098043
9.583,2.984,9.475,2.576,1.039,1.786,-2.751,1.399,0.999,1.974,-2.797,1.623,-13.861,3.795639939253482e-05,163.91352159345587,199034.7707520849,4.042206758e-314,0.2813664493037713,0.3960441289892808,0.07879627742362538
9.583,2.984,9.475,2.576,1.039,1.786,-2.751,1.399,0.999,1.974,-2.797,1.623,-13.759,3.67689018750827e-05,162.97994785205032,200306.14427747708,3.381639337e-314,0.27643651489383825,0.39859543203125347,0.07792815299237103
9.583,2.984,9.475,2.576,1.039,1.786,-2.751,1.399,0.999,1.974,-2.797,1.623,-13.658,3.693197937004451e-05,164.04135145302538,202652.44679785083,3.472354205e-314,0.2820414820251928,0.4033038270371752,0.08043719301719152
9.583,2.984,9.475,2.576,1.039,1.786,-2.751,1.399,0.999,1.974,-2.797,1.623,-13.557,3.657583539572335e-05,164.491878281782,205050.79020785558,3.274242543e-314,0.2844205846254237,0.4081166540431117,0.08208733530617013
9.583,2.984,9.475,2.576,1.039,1.786,-2.751,1.399,0.999,1.974,-2.797,1.623,-13.456,3.635482466528774e-05,164.99875953890597,207226.32382243694,3.1513012433e-314,0.28709727875296354,0.41248236201007843,0.08374784847603177
9.583,2.984,9.475,2.576,1.039,1.786,-2.751,1.399,0.999,1.974,-2.797,1.623,-13.354,3.629880678474447e-05,165.60348397507204,208923.83245763485,3.120140263e-314,0.29029065456695546,0.41588880304275555,0.0853752061885397
9.583,2.984,9.475,2.576,1.039,1.786,-2.751,1.399,0.999,1.974,-2.797,1.623,-13.253,3.583287372324101e-05,165.5441262602356,210848.97596672122,2.860956394e-314,0.28997720354762135,0.4197520457427723,0.0860913342649599
9.583,2.984,9.475,2.576,1.039,1.786,-2.751,1.399,0.999,1.974,-2.797,1.623,-13.152,3.589027999811475e-05,166.25751077731297,212454.94488332403,2.892889695e-314,0.2937443819956337,0.42297479130134324,0.0878697994961021
9.583,2.984,9.475,2.576,1.039,1.786,-2.751,1.399,0.999,1.974,-2.797,1.623,-13.051,3.58298708473498e-05,166.97028757905196,214156.57062408453,2.8592859894e-314,0.2975083512737376,0.426389494252124,0.08970760974095435
9.583,2.984,9.475,2.576,1.039,1.786,-2.751,1.399,0.999,1.974,-2.797,1.623,-12.949,3.616832585971922e-05,168.26174504314687,216445.03725537096,3.0475578395e-314,0.3043281666871626,0.43098182826037934,0.0927441505922495
9.583,2.984,9.475,2.576,1.039,1.786,-2.751,1.399,0.999,1.974,-2.797,1.623,-12.848,3.569493426153481e-05,168.18158349518245,217079.53347512888,2.7842250217e-314,0.3039048566087661,0.43225509068346557,0.0928901967906401
9.583,2.984,9.475,2.576,1.039,1.786,-2.751,1.399,0.999,1.974,-2.797,1.623,-12.747,3.5571161623313395e-05,168.43047214337852,219086.87548145975,2.715374206e-314,0.3052191659734835,0.4362832835510586,0.09416514551529778
9.583,2.984,9.475,2.576,1.039,1.786,-2.751,1.399,0.999,1.974,-2.797,1.623,-12.646,3.494742122629349e-05,168.01331501127436,219184.46213478537,2.3684070936e-314,0.3030162791433408,0.4364791135888194,0.0935379368627579
9.583,2.984,9.475,2.576,1.039,1.786,-2.751,1.399,0.999,1.974,-2.797,1.623,-12.544,3.4562641108968165e-05,167.94339379385343,220324.32393589368,2.154366048e-314,0.3026470453051773,0.43876650814479695,0.09392662918337155
9.583,2.984,9.475,2.576,1.039,1.786,-2.751,1.399,0.999,1.974,-2.797,1.623,-12.443,3.409500750212677e-05,167.73555962754858,221143.62935173954,1.89423622e-314,0.3015495328510637,0.44041063267468866,0.09395644172457726
9.583,2.984,9.475,2.576,1.039,1.786,-2.751,1.399,0.999,1.974,-2.797,1.623,-12.342,3.401999303233251e-05,168.2964428389879,223233.64856342677,1.8525080357e-314,0.3045113957670722,0.44460473634765457,0.0957819379716971
9.583,2.984,9.475,2.576,1.039,1.786,-2.751,1.399,0.999,1.974,-2.797,1.623,-12.241,3.3535497673607264e-05,167.89317372758663,223886.84689281994,1.5829985465e-314,0.30238184757973025,0.4459155288500218,0.09542755559026425
9.583,2.984,9.475,2.576,1.039,1.786,-2.751,1.399,0.999,1.974,-2.797,1.623,-12.139,3.337638700251927e-05,168.00360760191253,224395.72725615423,1.4944902977e-314,0.30296501710658713,0.4469367142003888,0.09583200742025733
9.583,2.984,9.475,2.576,1.039,1.786,-2.751,1.399,0.999,1.974,-2.797,1.623,-12.038,3.328144047284818e-05,168.67063904845304,226271.33647728027,1.4416745374e-314,0.30648741832136056,0.45070055497246614,0.09775001635776857
9.583,2.984,9.475,2.576,1.039,1.786,-2.751,1.399,0.999,1.974,-2.797,1.623,-11.937,3.294341067107828e-05,168.41578733378802,226786.87270517883,1.2536392187e-314,0.30514161971774306,0.451735096844084,0.09757185347216736
9.583,2.984,9.475,2.576,1.039,1.786,-2.751,1.399,0.999,1.974,-2.797,1.623,-11.835,3.275518022343782e-05,168.51175463321977,227727.5085203724,1.148932557e-314,0.3056483954235214,0.4536226986926057,0.09815385900477729
9.583,2.984,9.475,2.576,1.039,1.786,-2.751,1.399,0.999,1.974,-2.797,1.623,-11.734,3.2650113028580616e-05,168.84064294046456,228580.4755022121,1.0904869896e-314,0.30738515997783467,0.4553343728874876,0.09907516607050991
9.583,2.984,9.475,2.576,1.039,1.786,-2.751,1.399,0.999,1.974,-2.797,1.623,-11.633,3.246393201875712e-05,169.00083990498703,229513.84508826357,9.86920365e-315,0.30823111407094905,0.45720739337801836,0.0997628599805897
9.583,2.984,9.475,2.576,1.039,1.786,-2.751,1.399,0.999,1.974,-2.797,1.623,-11.532,3.222003913040143e-05,168.71340623138633,229819.7946886949,8.512504425e-315,0.30671325951355316,0.4578213515348315,0.09943660926100906
9.583,2.984,9.475,2.576,1.039,1.786,-2.751,1.399,0.999,1.974,-2.797,1.623,-11.43,3.2154392074813585e-05,169.22704106315732,231120.69511495854,8.147330556e-315,0.3094256173263121,0.46043190708640014,0.10087149159468951
9.583,2.984,9.475,2.576,1.039,1.786,-2.751,1.399,0.999,1.974,-2.797,1.623,-11.329,3.189916945226793e-05,168.85625680076328,231292.84710257113,6.72760759e-315,0.3074676122831476,0.4607773695967526,0.10034711238467559
9.583,2.984,9.475,2.576,1.039,1.786,-2.751,1.399,0.999,1.974,-2.797,1.623,-11.228,3.180578474307486e-05,169.09225199698173,232074.8896421071,6.208137906e-315,0.30871383503644034,0.46234671760520246,0.10109323779152946
9.583,2.984,9.475,2.576,1.039,1.786,-2.751,1.399,0.999,1.974,-2.797,1.623,-11.127,3.1814285940868074e-05,169.4555151094777,232979.5131007392,6.25542739e-315,0.31063212305025806,0.4641620523874302,0.10210776065448321
9.583,2.984,9.475,2.576,1.039,1.786,-2.751,1.399,0.999,1.974,-2.797,1.623,-11.025,3.1692576099717926e-05,169.51984384934232,233464.3650949179,5.578393924e-315,0.31097182462297884,0.4651350192952263,0.102439384398365
9.583,2.984,9.475,2.576,1.039,1.786,-2.751,1.399,0.999,1.974,-2.797,1.623,-10.924,3.175310743967381e-05,170.3475076275414,234529.05662873082,5.91511068e-315,0.3153424789794903,0.46727156744156395,0.10430611895928915
9.583,2.984,9.475,2.576,1.039,1.786,-2.751,1.399,0.999,1.974,-2.797,1.623,-10.823,3.165532960323505e-05,170.62374119083506,235343.9950452117,5.37120341e-315,0.3168011889757778,0.4689069285840312,0.10514992358676067
9.583,2.984,9.475,2.576,1.039,1.786,-2.751,1.399,0.999,1.974,-2.797,1.623,-10.722,3.150534113342108e-05,170.23098312755658,235445.34733449458,4.53686485e-315,0.3147271466103402,0.46911031523539204,0.10454271037180551
9.583,2.984,9.475,2.576,1.039,1.786,-2.751,1.399,0.999,1.974,-2.797,1.623,-10.62,3.139960006051584e-05,170.20564666510884,235884.73162165217,3.94866061e-315,0.3145933520395342,0.4699920407440889,0.10470761816443348
9.583,2.984,9.475,2.576,1.039,1.786,-2.751,1.399,0.999,1.974,-2.797,1.623,-10.519,1.7976931348623157e+308,300.0,500000.0,1.0,1.0,1.0,1.0
9.583,2.984,9.475,2.576,1.039,1.786,-2.751,1.399,0.999,1.974,-2.797,1.623,-10.418,1.7976931348623157e+308,300.0,500000.0,1.0,1.0,1.0,1.0
9.583,2.984,9.475,2.576,1.039,1.786,-2.751,1.399,0.999,1.974,-2.797,1.623,-10.316,3.1315084630521294e-05,171.3570637441332,237856.42186724313,3.478527924e-315,0.3206736544584097,0.473948690163741,0.10757263655883721
9.583,2.984,9.475,2.576,1.039,1.786,-2.751,1.399,0.999,1.974,-2.797,1.623,-10.215,3.116501453593396e-05,170.62996432442728,237773.11188946897,2.64373531e-315,0.3168340515543543,0.47378150955514975,0.10630913781126272
9.583,2.984,9.475,2.576,1.039,1.786,-2.751,1.399,0.999,1.974,-2.797,1.623,-10.114,3.114586617241528e-05,171.14275604810598,238546.00021295415,2.537219006e-315,0.3195419571557762,0.47533248752616314,0.10753877461592448
9.583,2.984,9.475,2.576,1.039,1.786,-2.751,1.399,0.999,1.974,-2.797,1.623,-10.013,3.113874709323902e-05,171.75079223336067,239249.90835736223,2.49761781e-315,0.3227528213641659,0.47674504092155,0.10890615036008719
9.583,2.984,9.475,2.576,1.039,1.786,-2.751,1.399,0.999,1.974,-2.797,1.623,-9.911,3.103472873216978e-05,170.9465998609161,239029.11380238272,1.91899647e-315,0.31850611275049906,0.4763019659254772,0.10743896261583542
9.583,2.984,9.475,2.576,1.039,1.786,-2.751,1.399,0.999,1.974,-2.797,1.623,-9.81,3.1004503942430364e-05,171.28319725866433,239444.29789609852,1.7508655e-315,0.32028358679443963,0.47713512818670095,0.10820527062239055
9.583,2.984,9.475,2.576,1.039,1.786,-2.751,1.399,0.999,1.974,-2.797,1.623,-9.709,3.100047039261428e-05,171.94506870966504,240150.7406243434,1.728428134e-315,0.3237787395569071,0.47855276780680756,0.10966952398841881
9.583,2.984,9.475,2.576,1.039,1.786,-2.751,1.399,0.999,1.974,-2.797,1.623,-9.608,3.112488720064914e-05,173.49379464935808,241144.1238210418,2.4205196e-315,0.3319571157933183,0.48054621939358605,0.11282893060627641
9.583,2.984,9.475,2.576,1.039,1.786,-2.751,1.399,0.999,1.974,-2.797,1.623,-9.506,3.103522515452605e-05,173.150047159178,241263.2616071129,1.921757913e-315,0.3301418841677849,0.4807852967299835,0.11228545722886213
9.583,2.984,9.475,2.576,1.039,1.786,-2.751,1.399,0.999,1.974,-2.797,1.623,-9.405,3.0880273276379244e-05,172.24323442186443,241299.41959527537,1.05980948e-315,0.32535326692334837,0.48085785603953973,0.11073344357758347
9.583,2.984,9.475,2.576,1.039,1.786,-2.751,1.399,0.999,1.974,-2.797,1.623,-9.304,3.0780503751692e-05,171.42504623976296,241235.28564143635,5.04823075e-316,0.32103265046441737,0.4807291565281411,0.10930611181616888
9.583,2.984,9.475,2.576,1.039,1.786,-2.751,1.399,0.999,1.974,-2.797,1.623,-9.203,3.076310809738263e-05,171.7347551773901,241617.2535137649,4.0805654e-316,0.3226681342842312,0.4814956628106335,0.11001688076759614
9.583,2.984,9.475,2.576,1.039,1.786,-2.751,1.399,0.999,1.974,-2.797,1.623,-9.101,3.072922184469827e-05,171.54981122600284,241779.11584742414,2.19558e-316,0.32169149847131695,0.48182047676656214,0.10978045305224997
9.583,2.984,9.475,2.576,1.039,1.786,-2.751,1.399,0.999,1.974,-2.797,1.623,-9.0,3.068975205390382e-05,171.31063603567588,241915.44177259534,0.0,0.3204284830837805,0.4820940460525686,0.10944087369552036
